time,ax,ay,az,atotal
0.007897138595581055,1.44,1.19,1.79,2.58
0.010924100875854492,0.53,1.16,1.47,1.94
0.021329164505004883,0.04,0.69,0.23,0.72
0.03106999397277832,0.18,0.31,-0.46,0.58
0.04165816307067871,0.2,0.74,-1.07,1.31
0.05449414253234863,0.11,1.48,-1.34,1.99
0.06164288520812988,0.49,2.24,-1.11,2.54
0.08309006690979004,1.1,2.95,-0.78,3.24
0.08468890190124512,1.61,3.19,-0.29,3.58
0.0913841724395752,1.8,2.97,0.01,3.47
0.10155892372131348,1.87,2.79,-0.12,3.36
0.11157584190368652,1.87,2.62,-0.72,3.29
0.12204289436340332,1.45,2.55,-1.35,3.22
0.1320810317993164,0.96,2.59,-1.85,3.32
0.14260101318359375,0.9,2.57,-2.06,3.41
0.15683197975158691,1.03,2.73,-1.95,3.5
0.16244816780090332,1.27,3.18,-1.88,3.9
0.18256211280822754,1.8,3.35,-2.01,4.3
0.1846311092376709,2.18,3.36,-2.04,4.49
0.19202303886413574,2.15,3.57,-1.33,4.37
0.2020261287689209,2.31,3.87,-0.14,4.5
0.21215200424194336,2.18,3.86,0.93,4.52
0.22233796119689941,2.16,3.74,1.56,4.59
0.23303914070129395,2.23,2.92,0.84,3.76
0.24302101135253906,1.43,2.37,0.21,2.77
0.255993127822876,0.91,1.37,-1.05,1.95
0.2630140781402588,0.71,-0.03,-2.74,2.83
0.28330492973327637,2.63,-1.65,-4.29,5.29
0.28525805473327637,2.55,-1.43,-4.52,5.38
0.29237818717956543,-0.57,0.98,-3.5,3.67
0.3027188777923584,-1.63,2.55,-3.03,4.28
0.31270289421081543,-2.48,3.15,-2.07,4.51
0.32289814949035645,-1.86,2.84,-0.67,3.46
0.33342504501342773,-0.32,2.0,0.46,2.07
0.34398913383483887,-0.23,1.84,0.43,1.9
0.357806921005249,-0.76,1.73,-0.64,1.99
0.3634641170501709,-0.39,1.58,-1.67,2.33
0.3844869136810303,-0.01,1.74,-1.82,2.51
0.3861980438232422,-0.92,0.74,-1.23,1.7
0.39294886589050293,-1.7,-0.66,-0.55,1.9
0.4041931629180908,-4.01,-0.7,1.69,4.4
0.4130561351776123,-6.38,0.58,4.64,7.91
0.423490047454834,-5.69,2.2,6.55,8.95
0.4338810443878174,-3.43,2.08,6.72,7.82
0.4439098834991455,-1.52,1.46,5.08,5.49
0.45706701278686523,-1.63,1.48,3.54,4.16
0.46390795707702637,-2.17,1.55,1.16,2.9
0.4850728511810303,-2.27,2.46,-0.91,3.46
0.4868490695953369,-2.49,3.58,-2.07,4.82
0.49330997467041016,-3.35,4.16,-1.33,5.5
0.5042769908905029,-4.3,4.12,0.87,6.01
0.5135350227355957,-3.97,3.15,2.98,5.87
0.5238711833953857,-3.21,2.2,5.52,6.75
0.5357029438018799,-1.87,2.88,6.11,7.0
0.5442020893096924,-0.57,5.36,3.86,6.62
0.5574281215667725,-0.55,8.69,1.8,8.89
0.5643861293792725,-0.5,8.31,0.06,8.32
0.5845820903778076,-1.57,5.78,-0.71,6.03
0.58536696434021,-1.72,5.02,-0.77,5.36
0.5935850143432617,-1.42,5.28,-1.74,5.73
0.6039769649505615,-1.87,4.65,-2.46,5.58
0.61415696144104,-1.94,2.94,-1.77,3.94
0.6243879795074463,-2.21,1.57,0.11,2.71
0.6358931064605713,-2.6,1.05,1.79,3.32
0.6447670459747314,-1.83,1.08,2.22,3.07
0.6577560901641846,-0.86,2.07,1.13,2.51
0.6649060249328613,0.19,3.67,-0.59,3.72
0.6859240531921387,0.83,3.84,-1.66,4.26
0.6865370273590088,1.84,3.41,-1.08,4.02
0.6942851543426514,2.85,3.31,0.47,4.39
0.7042691707611084,2.85,2.95,1.94,4.53
0.7143938541412354,2.62,2.54,2.87,4.64
0.7247850894927979,1.74,1.95,3.23,4.15
0.7356841564178467,2.22,2.23,3.2,4.48
0.7451980113983154,2.83,3.19,2.83,5.11
0.7585840225219727,3.56,3.68,2.98,5.92
0.7652719020843506,4.09,3.65,4.41,7.03
0.786142110824585,4.05,2.47,6.15,7.76
0.7867529392242432,3.81,0.32,7.44,8.36
0.7946310043334961,2.5,-1.27,8.12,8.59
0.804797887802124,1.17,-2.01,7.11,7.48
0.8148858547210693,1.23,-0.99,4.65,4.91
0.825206995010376,2.22,1.5,2.05,3.37
0.8362870216369629,2.8,3.07,0.53,4.18
0.8456709384918213,1.9,3.82,-0.32,4.27
0.8593120574951172,-0.25,4.09,-2.18,4.64
0.8657090663909912,-2.41,4.04,-4.74,6.67
0.8863370418548584,-4.11,4.09,-6.28,8.54
0.8869588375091553,-4.94,4.37,-6.83,9.49
0.8952481746673584,-4.95,4.82,-7.2,9.97
0.905289888381958,-5.2,4.93,-7.66,10.48
0.9153101444244385,-4.84,4.85,-7.42,10.09
0.925670862197876,-3.48,5.02,-6.56,8.96
0.9358229637145996,-2.23,5.05,-5.55,7.82
0.946030855178833,-1.44,4.77,-4.22,6.52
0.9593231678009033,-1.8,3.78,-2.52,4.88
0.9660680294036865,-2.79,3.05,0.53,4.16
0.9862968921661377,-3.87,1.46,3.79,5.61
0.9869039058685303,-5.09,-0.09,3.96,6.44
0.995621919631958,-4.81,0.35,1.91,5.18
1.005753993988037,-2.4,1.89,-0.24,3.06
1.0158541202545166,-0.25,4.04,-1.77,4.41
1.0261719226837158,0.79,5.1,-2.98,5.95
1.0359680652618408,0.1,4.71,-3.86,6.09
1.046360969543457,-1.6,3.45,-4.1,5.59
1.0596568584442139,-3.29,2.48,-3.19,5.21
1.0665860176086426,-4.2,1.93,-1.13,4.75
1.0855450630187988,-5.03,1.65,1.21,5.43
1.0861809253692627,-5.56,2.14,4.34,7.37
1.0960638523101807,-5.55,2.69,7.78,9.92
1.1064209938049316,-4.39,3.33,9.77,11.21
1.1162769794464111,-3.2,4.72,9.92,11.44
1.126621961593628,-2.89,5.76,8.28,10.49
1.1365511417388916,-2.79,6.19,6.74,9.56
1.1469900608062744,-3.08,5.8,6.91,9.53
1.1604640483856201,-3.11,4.88,7.45,9.43
1.1670949459075928,-2.94,3.99,8.21,9.58
1.1888978481292725,-2.8,3.24,8.4,9.42
1.1895380020141602,-2.78,1.89,7.14,7.89
1.1964919567108154,-2.9,0.32,4.14,5.06
1.2067830562591553,-2.86,-0.43,0.67,2.96
1.216752052307129,-2.53,-0.82,-2.94,3.96
1.2270050048828125,-1.6,-0.92,-6.35,6.61
1.2369911670684814,-0.12,-0.95,-8.41,8.46
1.2473371028900146,0.88,-1.12,-8.57,8.68
1.2608840465545654,1.09,-1.32,-8.87,9.03
1.2876861095428467,1.9,-1.21,-7.95,8.26
1.2884650230407715,2.09,-0.98,-5.01,5.51
1.2892038822174072,1.48,-1.57,-1.01,2.38
1.2970199584960938,0.78,-2.85,4.53,5.4
1.3071470260620117,1.16,-3.93,8.48,9.41
1.318390130996704,2.63,-3.69,7.95,9.15
1.3273539543151855,4.77,-1.88,2.54,5.72
1.3374898433685303,5.79,0.48,-2.18,6.2
1.3477439880371094,5.08,0.36,-7.61,9.15
1.3612148761749268,4.05,-0.38,-11.45,12.15
1.3867261409759521,4.25,-1.01,-10.04,10.94
1.3873419761657715,5.31,-2.19,-4.02,7.01
1.3879401683807373,6.56,-3.28,3.66,8.19
1.3972949981689453,7.93,-3.27,9.69,12.94
1.4075989723205566,8.95,-2.46,11.14,14.5
1.418370008468628,8.0,-1.95,7.61,11.21
1.4279758930206299,5.37,-1.17,2.73,6.13
1.4379398822784424,2.58,0.55,-0.14,2.64
1.4482438564300537,2.23,1.75,-0.93,2.98
1.461780071258545,3.15,2.01,0.78,3.81
1.485619068145752,3.01,1.55,2.96,4.49
1.4863719940185547,2.21,1.63,3.76,4.65
1.4874951839447021,1.3,2.55,3.18,4.27
1.4977991580963135,0.41,4.3,0.15,4.32
1.5080089569091797,-0.88,5.74,-3.37,6.71
1.5180630683898926,-2.6,6.22,-6.18,9.14
1.5283701419830322,-4.33,5.97,-8.9,11.55
1.5383670330047607,-4.95,5.55,-10.84,13.14
1.5486948490142822,-4.25,4.68,-10.7,12.42
1.562195062637329,-3.34,3.76,-9.27,10.54
1.588181972503662,-2.48,3.12,-7.08,8.12
1.5889520645141602,-1.83,2.18,-4.0,4.9
1.589547872543335,-1.86,1.1,-0.83,2.31
1.5981810092926025,-3.42,0.07,1.79,3.86
1.608530044555664,-5.51,-0.9,3.34,6.5
1.6187870502471924,-6.46,-0.86,2.89,7.12
1.6287009716033936,-6.35,0.47,-0.21,6.37
1.6389081478118896,-6.17,2.17,-5.18,8.34
1.6490859985351562,-6.21,3.45,-10.35,12.55
1.662909984588623,-6.41,4.46,-14.03,16.05
1.688148021697998,-5.7,5.5,-14.06,16.13
1.6887869834899902,-5.26,5.78,-9.03,11.94
1.6894550323486328,-6.13,5.01,-0.84,7.96
1.6985218524932861,-8.42,3.38,8.81,12.64
1.7090380191802979,-9.73,1.1,16.34,19.04
1.7189528942108154,-8.83,0.78,19.22,21.16
1.7290899753570557,-6.75,2.26,15.67,17.21
1.7393338680267334,-5.5,4.72,9.41,11.87
1.7496440410614014,-6.24,6.76,5.82,10.88
1.763118028640747,-7.37,6.85,6.51,11.98
1.7884328365325928,-5.88,5.01,10.71,13.2
1.7899470329284668,-1.86,1.67,14.65,14.86
1.7905991077423096,1.36,-1.65,14.0,14.16
1.7991578578948975,1.21,-3.48,8.09,8.88
1.809401035308838,0.08,-5.26,-1.01,5.35
1.8195111751556396,4.18,-6.76,-12.62,14.91
1.829599142074585,6.99,-3.5,-22.05,23.39
1.8397350311279297,5.61,0.54,-27.16,27.73
1.850221872329712,3.23,-1.26,-24.46,24.7
1.8637430667877197,1.97,-4.42,-13.93,14.74
1.8857309818267822,1.63,-5.82,0.48,6.06
1.8872039318084717,-0.26,-7.32,14.52,16.26
1.889333963394165,-0.52,-7.26,22.73,23.86
1.8995180130004883,0.31,-5.79,21.19,21.96
1.9099009037017822,-0.83,-4.99,12.42,13.41
1.9201381206512451,-2.07,-4.37,2.5,5.44
1.930006980895996,-1.93,-2.62,-6.18,6.98
1.9407198429107666,0.16,-0.61,-13.28,13.29
1.9539220333099365,3.6,-0.58,-17.8,18.16
1.9658100605010986,7.37,-2.94,-16.46,18.27
1.9864270687103271,10.34,-5.88,-8.25,14.47
1.9871129989624023,11.92,-8.3,2.83,14.79
1.9898509979248047,11.92,-8.86,10.17,18.0
2.001033067703247,10.08,-6.92,7.41,14.29
2.010293960571289,7.79,-3.73,-2.13,8.89
2.0205860137939453,7.37,-0.21,-9.62,12.12
2.0304009914398193,8.77,2.94,-9.65,13.36
2.041024923324585,9.53,4.67,-1.99,10.79
2.0530688762664795,9.73,3.85,6.98,12.57
2.064570188522339,8.92,2.47,12.13,15.25
2.0851991176605225,8.74,2.02,12.16,15.11
2.085827112197876,7.63,2.62,8.67,11.84
2.0903608798980713,4.42,3.63,2.54,6.25
2.1009528636932373,0.09,4.14,-3.18,5.22
2.110658884048462,-4.28,3.86,-7.83,9.72
2.1207468509674072,-6.9,3.34,-9.56,12.25
2.130819082260132,-7.18,2.36,-6.51,9.97
2.141160011291504,-7.28,1.31,-1.08,7.47
2.1524770259857178,-8.47,0.78,2.22,8.79
2.1649889945983887,-10.99,0.07,2.39,11.24
2.186954975128174,-11.78,-0.38,1.94,11.94
2.1876330375671387,-10.82,0.0,3.46,11.35
2.1906869411468506,-11.92,0.82,5.38,13.1
2.201068162918091,-13.85,2.5,4.61,14.8
2.211160898208618,-14.31,6.55,0.38,15.74
2.2213289737701416,-13.35,11.88,-7.1,19.22
2.2312891483306885,-11.55,16.06,-12.9,23.61
2.242079019546509,-9.9,16.85,-12.75,23.33
2.2525241374969482,-9.83,14.11,-5.88,18.17
2.2671449184417725,-9.24,10.49,5.53,15.03
2.2900400161743164,-10.29,8.02,14.05,19.17
2.290847063064575,-9.54,6.63,15.59,19.44
2.291635036468506,-4.97,6.52,14.82,16.93
2.301530122756958,0.24,7.59,14.75,16.59
2.311678171157837,3.82,7.99,16.64,18.84
2.3218061923980713,3.09,6.36,19.34,20.59
2.3321239948272705,0.9,3.14,20.13,20.39
2.342180013656616,0.22,-0.57,18.38,18.39
2.3520939350128174,0.37,-4.16,13.67,14.29
2.365772008895874,1.88,-5.14,7.17,9.02
2.386479139328003,3.78,-4.91,-0.26,6.2
2.3870999813079834,3.83,-5.65,-6.5,9.42
2.3918511867523193,1.97,-8.12,-9.45,12.61
2.402045965194702,-1.12,-11.3,-10.1,15.19
2.411836862564087,-5.36,-14.51,-9.76,18.29
2.4225430488586426,-7.39,-17.11,-10.22,21.25
2.4324049949645996,-5.47,-17.98,-11.26,21.9
2.4431068897247314,-2.01,-18.41,-10.34,21.21
2.4531490802764893,2.94,-18.5,-6.61,19.86
2.4899840354919434,6.02,-15.84,-3.91,17.39
2.490609884262085,5.66,-13.18,-9.54,17.22
2.491291046142578,3.31,-10.82,-19.98,22.96
2.491947889328003,2.53,-10.57,-28.02,30.05
2.50235915184021,4.44,-12.54,-23.46,26.96
2.512483835220337,7.53,-14.08,-8.34,18.01
2.522631883621216,13.46,-13.85,10.74,22.09
2.532831907272339,19.02,-12.99,25.39,34.28
2.543045997619629,21.23,-8.94,22.05,31.88
2.5530521869659424,20.08,-3.23,8.64,22.09
2.5668561458587646,17.72,0.48,1.8,17.81
2.5908701419830322,17.7,3.05,5.69,18.84
2.5922000408172607,17.55,5.07,12.61,22.19
2.592806100845337,15.52,4.24,16.54,23.07
2.6036741733551025,13.06,3.1,17.11,21.74
2.6129438877105713,11.7,2.63,13.87,18.33
2.6231229305267334,7.58,4.3,7.68,11.61
2.634753942489624,2.45,8.65,0.47,9.0
2.6431570053100586,-1.06,12.11,-5.47,13.33
2.653402090072632,-4.32,12.9,-10.64,17.27
2.690850019454956,-6.99,10.3,-11.6,17.01
2.6914350986480713,-6.85,8.03,-6.98,12.65
2.6919801235198975,-7.09,5.76,0.73,9.16
2.692950963973999,-11.3,3.83,9.5,15.25
2.7032470703125,-15.16,3.72,15.32,21.87
2.7137081623077393,-19.02,4.36,17.6,26.27
2.723634958267212,-24.64,5.75,16.13,30.0
2.734251022338867,-28.7,9.74,11.75,32.5
2.7439019680023193,-28.54,13.4,6.43,32.17
2.754049062728882,-25.16,16.68,-0.37,30.18
2.7903809547424316,-19.89,18.82,-4.24,27.7
2.791066884994507,-13.2,19.45,-0.64,23.51
2.7924020290374756,-7.31,19.38,9.17,22.65
2.7932610511779785,-4.12,17.76,18.31,25.83
2.803421974182129,-2.91,15.41,25.51,29.94
2.8138091564178467,-2.66,12.96,29.73,32.54
2.8239901065826416,-1.61,9.18,30.28,31.68
2.8343160152435303,2.63,5.11,29.82,30.36
2.8439319133758545,6.99,1.61,29.94,30.78
2.854308843612671,9.25,-3.48,24.78,26.67
2.8893179893493652,10.15,-9.52,13.42,19.33
2.8898799419403076,10.77,-12.38,0.3,16.41
2.89041805267334,9.89,-12.98,-9.18,18.72
2.8936970233917236,4.39,-15.27,-12.14,19.99
2.9037890434265137,-4.35,-22.94,-7.3,24.46
2.914463996887207,-11.23,-31.01,1.63,33.02
2.924705982208252,-12.04,-34.38,5.3,36.81
2.9346139430999756,-7.39,-33.59,0.61,34.39
2.9447500705718994,-1.16,-30.22,-8.9,31.52
2.954798936843872,4.83,-27.1,-16.37,32.02
2.991605043411255,7.41,-23.95,-15.21,29.32
2.9921350479125977,5.05,-21.42,-10.12,24.22
2.9926650524139404,1.61,-17.56,-12.48,21.6
2.9941999912261963,-1.22,-13.91,-19.96,24.35
3.004225015640259,0.43,-12.75,-27.42,30.24
3.014281988143921,7.85,-14.22,-28.37,32.69
3.0249080657958984,18.45,-16.43,-12.36,27.62
3.035027027130127,28.96,-17.54,11.34,35.7
3.0448811054229736,35.17,-14.71,25.93,46.1
3.0554659366607666,32.86,-7.76,23.37,41.06
3.0907881259918213,25.58,-1.59,13.69,29.05
3.091359853744507,20.5,3.59,9.39,22.83
3.0924670696258545,20.2,7.43,11.8,24.54
3.095108985900879,21.97,9.66,17.11,29.47
3.105126142501831,22.21,11.17,15.57,29.33
3.115144968032837,20.96,11.41,9.09,25.53
3.1253769397735596,17.53,10.97,8.36,22.3
3.1352860927581787,11.48,9.73,10.67,18.44
3.14528489112854,3.97,8.51,12.09,15.3
3.1557581424713135,-4.09,7.43,9.69,12.87
3.1909470558166504,-12.52,7.96,2.92,15.12
3.191431999206543,-19.05,9.51,-2.85,21.48
3.1918861865997314,-24.49,9.84,-3.37,26.6
3.1953699588775635,-27.56,9.86,0.58,29.27
3.205479860305786,-25.96,8.13,10.38,29.11
3.215402841567993,-23.11,4.33,23.21,33.03
3.2257399559020996,-21.51,4.06,27.29,34.98
3.2358500957489014,-24.99,6.72,19.32,32.29
3.2457799911499023,-29.32,10.25,2.74,31.18
3.2562010288238525,-28.01,15.23,-14.39,34.97
3.2924020290374756,-21.88,18.08,-19.53,34.45
3.292957067489624,-13.12,17.89,-11.28,24.88
3.2934281826019287,-4.29,17.2,2.84,17.95
3.2956879138946533,1.57,15.14,17.87,23.47
3.305846929550171,3.76,11.31,26.95,29.46
3.31632399559021,4.09,7.3,29.26,30.43
3.326340913772583,2.76,3.01,27.72,28.01
3.3363490104675293,-2.11,-3.33,25.95,26.24
3.3460710048675537,-5.54,-8.3,19.51,21.91
3.3563311100006104,-3.15,-10.0,11.18,15.32
3.3701131343841553,1.67,-10.75,5.75,12.3
3.376633882522583,4.35,-12.83,1.74,13.65
3.4081099033355713,4.96,-15.59,-5.79,17.35
3.408604860305786,5.19,-14.88,-13.23,20.57
3.409069061279297,5.43,-15.13,-16.51,23.04
3.416131019592285,3.03,-17.02,-13.22,21.76
3.4261820316314697,1.8,-18.68,-7.08,20.05
3.4366281032562256,3.68,-20.06,-2.94,20.6
3.4465229511260986,5.2,-21.44,-1.41,22.1
3.4568610191345215,6.24,-22.56,-3.0,23.59
3.4702320098876953,6.61,-24.11,-4.26,25.36
3.4769630432128906,3.11,-20.56,-7.39,22.06
3.509333848953247,0.13,-13.26,-17.61,22.04
3.5098350048065186,0.97,-8.88,-31.53,32.77
3.5103089809417725,4.82,-8.9,-38.53,39.83
3.516432046890259,14.23,-15.02,-28.28,35.04
3.526984930038452,26.69,-19.26,2.07,32.97
3.5370209217071533,30.06,-18.04,30.91,46.73
3.54726505279541,24.05,-15.0,38.19,47.55
3.557391881942749,15.14,-10.93,26.61,32.5
3.5691978931427,9.29,-4.09,10.14,14.34
3.577529191970825,5.99,0.71,2.59,6.56
3.608351945877075,7.31,2.18,2.8,8.12
3.6088321208953857,11.01,3.81,5.96,13.08
3.609297037124634,13.62,4.29,9.77,17.3
3.616995096206665,14.27,4.47,10.33,18.17
3.6270968914031982,11.47,6.2,7.59,15.08
3.637083053588867,7.19,7.89,8.12,13.41
3.647623062133789,6.39,9.44,9.49,14.83
3.657745122909546,5.5,11.6,5.87,14.11
3.6695621013641357,2.35,11.67,-1.25,11.96
3.677698850631714,-0.75,10.69,-5.21,11.91
3.7106010913848877,-3.91,8.82,-2.2,9.89
3.7111780643463135,-8.55,5.94,1.65,10.54
3.7116291522979736,-14.96,4.15,4.36,16.12
3.7174251079559326,-18.5,4.31,8.16,20.67
3.7278568744659424,-19.45,3.0,13.11,23.64
3.7379448413848877,-23.24,4.46,14.35,27.67
3.747917890548706,-31.01,9.35,7.56,33.25
3.758125066757202,-37.68,13.74,-4.53,40.36
3.769813060760498,-38.72,17.86,-14.77,45.12
3.7782280445098877,-34.21,18.06,-11.57,40.37
3.807236909866333,-28.29,14.8,2.96,32.06
3.808263063430786,-23.45,11.55,17.7,31.56
3.8086769580841064,-17.55,8.79,25.72,32.35
3.8192360401153564,-7.14,8.61,24.57,26.99
3.8282220363616943,1.46,9.15,19.89,21.94
3.8385250568389893,6.41,7.89,17.04,19.84
3.8484060764312744,6.66,3.33,17.63,19.13
3.858438014984131,3.5,-2.97,18.32,18.88
3.8699259757995605,0.1,-8.13,15.69,17.67
3.878499984741211,1.16,-11.63,10.42,15.65
3.9082038402557373,6.2,-12.5,3.69,14.43
3.908730983734131,9.15,-13.64,-1.94,16.53
3.9091198444366455,8.93,-17.04,-4.37,19.72
3.9183099269866943,7.43,-20.47,-4.18,22.17
3.9283740520477295,7.18,-22.85,-4.11,24.3
3.9385101795196533,5.53,-23.76,-5.03,24.9
3.948560953140259,1.42,-23.69,-7.7,24.95
3.9589040279388428,-2.26,-24.3,-8.55,25.85
3.9708399772644043,-3.41,-25.76,-5.26,26.51
3.9791500568389893,-1.38,-26.7,0.71,26.74
4.008677959442139,1.43,-25.73,4.16,26.1
4.0090858936309814,2.5,-22.93,-2.65,23.21
4.009493112564087,3.55,-18.66,-18.19,26.29
4.018766164779663,6.47,-14.17,-30.47,34.22
4.0287721157073975,11.89,-12.77,-30.84,35.43
4.039025068283081,19.11,-14.29,-16.51,29.01
4.049357175827026,24.64,-15.34,6.7,29.78
4.05954909324646,24.08,-14.63,28.88,40.34
4.071233034133911,20.33,-10.38,33.07,40.18
4.079445123672485,16.83,-4.14,18.64,25.45
4.108572006225586,12.76,0.79,3.67,13.3
4.108993053436279,11.09,5.25,-1.11,12.32
4.1093950271606445,11.49,7.55,4.07,14.33
4.119119882583618,10.66,8.0,11.33,17.49
4.129307985305786,9.75,9.19,12.11,18.06
4.139405012130737,6.67,11.4,8.22,15.55
4.149513006210327,3.78,12.51,3.28,13.47
4.160052061080933,1.96,13.17,1.2,13.36
4.171748876571655,1.79,12.5,2.81,12.93
4.179977178573608,-0.03,11.23,5.16,12.35
4.208938837051392,-5.43,9.1,7.73,13.11
4.2093939781188965,-10.55,5.78,10.98,16.28
4.209814071655273,-12.48,3.22,13.82,18.89
4.219765901565552,-10.59,2.34,15.0,18.51
4.2296788692474365,-9.11,1.32,13.11,16.01
4.239720106124878,-10.42,1.33,7.89,13.13
4.249827146530151,-14.8,3.64,0.08,15.24
4.260338068008423,-20.08,6.32,-7.0,22.18
4.27238392829895,-25.08,8.66,-8.25,27.78
4.280379056930542,-27.46,9.6,-7.33,29.99
4.310510873794556,-27.05,9.11,-6.59,29.29
4.3109290599823,-25.32,8.83,-1.26,26.84
4.311333894729614,-21.08,9.71,8.1,24.58
4.320433855056763,-15.0,13.01,14.73,24.72
4.330425977706909,-10.7,17.62,12.64,24.18
4.34053897857666,-9.6,19.44,5.52,22.37
4.350589990615845,-8.78,17.06,5.27,19.89
4.360766172409058,-8.51,11.35,18.63,23.41
4.372315168380737,-8.73,2.23,33.85,35.02
4.380915880203247,-5.64,-7.18,42.43,43.4
4.40911602973938,-0.23,-14.77,41.16,43.73
4.40953803062439,5.46,-21.34,28.09,35.69
4.410463094711304,8.76,-22.99,6.46,25.43
4.420506000518799,13.55,-17.93,-11.92,25.43
4.430493116378784,17.1,-11.24,-19.83,28.49
4.440701007843018,14.77,-11.93,-17.01,25.49
4.450839042663574,9.05,-17.82,-7.99,21.52
4.460904836654663,4.04,-24.03,0.28,24.36
4.472779035568237,2.27,-28.96,5.13,29.49
4.481405019760132,3.35,-31.39,5.76,32.08
4.510684967041016,3.25,-32.1,3.59,32.46
4.511103868484497,1.77,-31.98,0.62,32.03
4.511505842208862,-0.28,-29.94,-3.88,30.19
4.520985841751099,-0.11,-25.58,-14.97,29.63
4.531054973602295,0.71,-21.37,-28.75,35.82
4.5414650440216064,3.55,-20.74,-35.59,41.34
4.551603078842163,10.1,-23.97,-27.17,37.61
4.561734914779663,15.83,-25.94,-6.02,30.97
4.573246002197266,19.07,-23.73,14.86,33.87
4.581668138504028,19.37,-18.05,22.65,34.84
4.609851121902466,18.42,-10.85,13.77,25.42
4.6102001667022705,18.02,-5.12,1.95,18.83
4.611633062362671,20.21,-0.1,-1.44,20.26
4.621777057647705,22.74,3.95,1.84,23.15
4.631885051727295,21.95,6.24,10.66,25.18
4.641875982284546,17.67,6.73,20.61,27.96
4.6518449783325195,11.17,6.84,26.09,29.19
4.662079095840454,4.82,8.31,24.45,26.26
4.672990083694458,-0.13,11.01,17.5,20.67
4.682616949081421,-0.89,12.32,10.89,16.46
4.709899187088013,0.42,12.35,12.49,17.56
4.710268974304199,1.5,11.73,17.96,21.5
4.711766958236694,0.0,11.16,17.99,21.17
4.721855878829956,-3.2,10.66,9.95,14.92
4.7326061725616455,-4.88,10.52,-0.31,11.6
4.742172956466675,-6.44,9.71,-5.87,13.04
4.752220869064331,-9.44,7.9,-3.26,12.73
4.762087106704712,-12.11,6.2,4.94,14.47
4.7742760181427,-15.04,4.26,13.07,20.37
4.812051057815552,-15.8,3.09,14.41,21.6
4.812406063079834,-17.14,5.05,5.5,18.69
4.812746047973633,-20.25,8.75,-8.51,23.64
4.813091039657593,-22.29,12.81,-19.54,32.29
4.822365999221802,-22.94,14.34,-20.19,33.75
4.832512140274048,-21.46,12.46,-8.67,26.28
4.842535972595215,-20.77,10.45,8.55,24.77
4.852892160415649,-22.33,7.77,22.77,32.82
4.862645864486694,-21.63,5.5,22.45,31.65
4.8740010261535645,-17.62,5.65,12.11,22.11
4.9115660190582275,-10.56,7.66,4.41,13.77
4.911969900131226,-0.23,7.94,6.59,10.32
4.912322998046875,9.76,5.48,15.81,19.37
4.9129798412323,15.06,0.33,23.59,27.98
4.923074007034302,13.48,-7.0,28.51,32.3
4.9327239990234375,7.7,-12.29,23.83,27.89
4.942888021469116,3.55,-13.05,9.48,16.51
4.952974081039429,4.1,-11.41,-4.09,12.79
4.963090181350708,9.26,-9.51,-8.16,15.58
4.974470853805542,14.53,-10.55,-2.73,18.16
5.009990930557251,15.07,-12.61,3.44,19.94
5.010367155075073,12.98,-14.25,1.7,19.35
5.0107409954071045,7.12,-12.58,-6.68,15.92
5.013170003890991,1.97,-12.18,-11.77,17.05
5.023203134536743,-0.69,-14.42,-7.24,16.15
5.033279180526733,-1.76,-17.81,3.49,18.23
5.043352842330933,-2.07,-19.64,12.61,23.43
5.053524017333984,-0.08,-19.5,13.81,23.89
5.063546895980835,1.21,-18.53,4.63,19.13
5.074869871139526,0.38,-17.87,-10.34,20.64
5.1126549243927,-0.35,-16.33,-22.35,27.68
5.113052129745483,1.98,-14.51,-25.85,29.7
5.113397836685181,7.13,-14.95,-18.09,24.52
5.113745927810669,12.68,-15.72,-2.28,20.32
5.12402606010437,16.3,-14.87,13.21,25.71
5.133746862411499,16.47,-13.45,19.27,28.69
5.14384388923645,14.22,-11.06,14.22,22.95
5.154019117355347,11.44,-7.4,3.82,14.15
5.163930177688599,10.95,-3.87,-4.22,12.35
5.1753089427948,11.35,-0.44,-6.74,13.2
5.209887981414795,12.03,1.72,-5.46,13.32
5.210234880447388,12.4,2.67,-3.35,13.11
5.210576057434082,12.23,2.87,-3.86,13.14
5.214086055755615,10.41,2.66,-6.82,12.72
5.224056005477905,9.18,0.4,-13.55,16.37
5.234182119369507,10.16,-2.26,-15.16,18.38
5.24427604675293,12.66,-5.65,-2.23,14.04
5.25444483757019,13.57,-10.23,16.24,23.5
5.264737844467163,14.12,-12.5,28.9,34.5
5.27570104598999,13.36,-10.99,25.64,30.93
5.3114001750946045,10.13,-9.25,9.88,16.9
5.311753988265991,5.42,-8.13,-5.95,11.44
5.3120949268341064,1.19,-7.4,-12.59,14.65
5.3145411014556885,0.76,-6.95,-5.01,8.6
5.324503183364868,2.06,-5.53,8.3,10.18
5.335134029388428,0.62,-3.77,19.93,20.29
5.344707012176514,-3.25,-1.57,26.46,26.7
5.355175018310547,-6.53,1.98,27.14,27.98
5.365186929702759,-9.65,6.59,23.59,26.32
5.37624192237854,-14.38,11.59,18.74,26.31
5.41032600402832,-21.25,17.0,13.62,30.43
5.410691976547241,-27.19,21.64,9.59,36.04
5.411041975021362,-29.71,25.3,8.87,40.01
5.415482997894287,-31.42,28.03,11.17,43.56
5.425391912460327,-30.61,30.61,16.68,46.39
5.435338020324707,-23.2,33.2,28.3,49.41
5.445502996444702,-11.64,31.98,41.13,53.38
5.455554962158203,-2.72,24.03,45.66,51.66
5.465713024139404,0.81,14.21,43.42,45.69
5.476675033569336,1.36,6.31,41.11,41.61
5.510103940963745,2.57,-2.19,36.6,36.75
5.510426044464111,5.92,-10.33,28.09,30.5
5.510741949081421,5.25,-16.0,14.23,22.04
5.515563011169434,0.09,-21.62,10.39,23.98
5.525912046432495,-2.08,-28.97,28.37,40.6
5.535856008529663,3.16,-37.35,42.11,56.37
5.545923948287964,10.36,-42.51,35.87,56.57
5.555986166000366,12.32,-41.81,17.79,47.07
5.565773010253906,10.92,-36.45,-1.86,38.09
5.577061891555786,9.23,-28.52,-16.83,34.37
5.611445188522339,9.22,-23.64,-23.18,34.36
5.611786127090454,9.42,-23.22,-15.66,29.54
5.612107038497925,12.26,-23.99,-5.38,27.47
5.616024017333984,15.09,-25.22,-2.57,29.5
5.626194000244141,16.57,-24.4,-5.52,30.0
5.636322975158691,18.33,-21.89,-6.68,29.32
5.646442174911499,22.75,-19.65,-4.0,30.32
5.656538963317871,25.79,-16.3,-2.36,30.6
5.666298151016235,27.2,-14.12,-3.46,30.84
5.677260160446167,29.81,-13.51,-1.17,32.74
5.710045099258423,31.17,-14.23,3.15,34.4
5.710391998291016,31.97,-16.06,6.73,36.4
5.7107460498809814,33.53,-16.51,12.53,39.41
5.716470956802368,35.14,-17.8,21.19,44.72
5.726335048675537,27.73,-14.78,29.19,42.88
5.736419916152954,12.51,-8.66,18.85,24.22
5.746502161026001,0.33,-2.7,-15.65,15.88
5.756610155105591,-11.4,2.91,-40.34,42.02
5.766535043716431,-16.98,-2.24,-22.71,28.44
5.778095006942749,-9.26,-11.17,15.25,21.04
5.812108039855957,8.85,-13.9,35.73,39.34
5.812427043914795,19.78,-4.83,35.41,40.84
5.812741041183472,15.95,0.26,18.88,24.71
5.816657066345215,3.64,-0.91,-2.15,4.32
5.826824903488159,-8.9,-0.6,-18.22,20.28
5.836817026138306,-13.49,-1.64,-27.2,30.4
5.846937894821167,-7.66,-2.13,-20.48,21.96
5.857038974761963,2.16,-2.63,-5.07,6.1
5.867142915725708,7.89,-1.63,13.35,15.59
5.878525018692017,7.86,-0.29,28.5,29.56
5.911997079849243,2.53,2.39,32.21,32.39
5.912312984466553,-5.61,3.87,23.68,24.64
5.912633180618286,-14.82,4.87,11.93,19.63
5.917119026184082,-22.33,5.67,1.67,23.09
5.92725396156311,-26.14,6.14,-3.83,27.12
5.937286138534546,-26.15,6.22,-2.54,26.99
5.947402000427246,-23.17,4.97,5.41,24.3
5.957534074783325,-18.95,3.84,18.05,26.45
5.96793007850647,-15.02,3.78,30.47,34.18
5.97896409034729,-11.09,5.06,35.44,37.47
6.011819124221802,-8.13,7.79,31.52,33.47
6.012178182601929,-6.26,9.04,22.57,25.1
6.012562990188599,-4.77,9.59,14.36,17.91
6.017680883407593,-3.65,9.75,8.2,13.25
6.027631044387817,-2.11,9.26,4.52,10.51
6.037747144699097,-0.29,8.04,2.12,8.31
6.047898054122925,0.46,5.72,0.76,5.78
6.0579609870910645,-0.13,2.73,1.46,3.09
6.067950010299683,-1.04,-0.4,2.12,2.39
6.079490900039673,-2.17,-2.59,1.46,3.68
6.1128129959106445,-3.98,-4.07,0.11,5.69
6.113158941268921,-5.72,-4.25,-0.78,7.16
6.113483190536499,-6.69,-3.37,-1.52,7.64
6.118151903152466,-6.59,-2.19,-3.03,7.57
6.128116846084595,-5.29,-0.2,-4.63,7.03
6.1382129192352295,-4.02,1.75,-5.96,7.39
6.148375988006592,-3.91,3.09,-5.54,7.45
6.158447027206421,-4.35,4.15,-1.44,6.18
6.168446063995361,-7.62,4.62,5.45,10.44
6.179672956466675,-14.91,7.12,10.7,19.68
6.212639093399048,-21.41,9.49,9.61,25.31
6.212949991226196,-23.97,6.03,1.12,24.74
6.21324610710144,-22.4,0.97,-10.07,24.57
6.2185280323028564,-15.66,-0.26,-11.88,19.65
6.22863507270813,-3.47,-0.57,-2.67,4.41
6.238725900650024,8.42,-3.19,12.52,15.42
6.248916864395142,13.02,-5.73,22.88,26.94
6.259139060974121,12.9,-7.99,26.09,30.18
6.269245862960815,9.61,-12.46,34.4,37.82
6.280134916305542,6.61,-16.99,46.5,49.94
6.31229305267334,5.42,-20.59,47.32,51.88
6.312588930130005,5.28,-23.15,35.73,42.9
6.312878847122192,5.45,-22.0,17.87,28.86
6.318960905075073,5.57,-19.19,0.97,20.0
6.32903790473938,3.48,-15.48,-9.32,18.4
6.339165925979614,1.15,-11.79,-10.88,16.08
6.349011182785034,0.78,-10.38,-5.71,11.87
6.359288930892944,2.06,-10.65,1.26,10.92
6.369394063949585,3.96,-10.31,9.4,14.5
6.3807151317596436,6.13,-9.2,14.48,18.21
6.412266969680786,11.99,-8.07,14.76,20.65
6.412610054016113,19.0,-6.42,14.0,24.45
6.412925958633423,20.94,-2.06,9.21,22.96
6.4198150634765625,19.92,0.98,1.25,19.98
6.429535150527954,17.01,1.59,-4.02,17.55
6.439623117446899,12.86,1.59,-4.38,13.67
6.449673891067505,8.08,1.75,-2.27,8.57
6.459709882736206,3.1,2.42,-0.53,3.96
6.469750165939331,-1.43,3.3,-0.29,3.6
6.480865955352783,-4.74,4.75,-1.46,6.86
6.511698007583618,-6.85,6.12,-3.01,9.66
6.511972188949585,-8.47,6.92,-4.14,11.69
6.512251138687134,-9.96,7.62,-4.36,13.27
6.519906044006348,-11.48,7.55,-4.83,14.56
6.529945135116577,-13.43,7.27,-5.83,16.34
6.540102005004883,-15.11,6.91,-7.33,18.16
6.550175905227661,-15.87,5.7,-8.17,18.73
6.560171842575073,-17.03,3.67,-7.24,18.86
6.57024884223938,-17.29,1.16,-4.06,17.79
6.581354856491089,-16.09,-1.52,1.87,16.26
6.611316919326782,-14.46,-4.4,8.71,17.44
6.611610174179077,-12.13,-7.09,12.89,19.06
6.611894845962524,-9.47,-8.49,10.98,16.8
6.620351076126099,-7.49,-7.2,5.36,11.69
6.630427122116089,-3.59,-4.74,-0.04,5.94
6.640516996383667,0.75,-4.76,-5.25,7.12
6.650599002838135,3.3,-3.38,-7.18,8.59
6.660675048828125,5.71,1.28,-1.06,5.94
6.6707000732421875,4.83,2.4,11.67,12.85
6.6817591190338135,2.02,-2.61,23.85,24.07
6.711465120315552,0.13,-8.96,29.03,30.38
6.7117531299591064,-0.94,-10.51,25.99,28.05
6.712038993835449,-0.23,-8.81,18.06,20.09
6.720911979675293,0.67,-6.11,10.72,12.35
6.730815172195435,0.57,-3.91,6.09,7.25
6.740970849990845,-0.37,-3.42,4.27,5.48
6.750982046127319,-2.1,-3.28,4.08,5.64
6.7610180377960205,-4.19,-3.62,3.1,6.34
6.771080017089844,-5.22,-4.27,1.14,6.83
6.813856840133667,-5.2,-4.44,-0.41,6.84
6.814131021499634,-4.65,-4.34,-1.05,6.44
6.814395189285278,-3.98,-4.15,-1.13,5.86
6.814637899398804,-3.28,-4.47,-1.13,5.65
6.821279048919678,-1.99,-3.79,-0.08,4.28
6.831372976303101,-0.96,-3.42,0.7,3.62
6.841426134109497,-0.47,-3.79,0.77,3.89
6.851430177688599,-0.31,-4.58,0.38,4.6
6.861488103866577,0.06,-5.02,-0.42,5.03
6.871652841567993,-0.07,-5.1,-1.13,5.22
6.9126808643341064,-0.83,-4.77,-1.51,5.07
6.912971019744873,-1.72,-4.22,-1.33,4.74
6.913251161575317,-2.31,-4.31,0.14,4.89
6.913520097732544,-2.85,-4.65,1.74,5.72
6.921727895736694,-2.97,-3.56,1.21,4.79
6.931720972061157,-2.87,-1.58,-1.37,3.55
6.941826105117798,-3.12,0.26,-3.96,5.04
6.951828956604004,-3.25,1.06,-6.04,6.94
6.961922883987427,-2.78,0.58,-7.6,8.11
6.971985101699829,-2.15,-0.3,-6.25,6.61
6.983360052108765,-2.42,-1.38,-0.53,2.83
6.992156982421875,-3.05,-3.17,5.95,7.39
7.030895948410034,-2.86,-4.78,10.18,11.6
7.031173944473267,-2.11,-5.59,11.38,12.85
7.031444072723389,-1.91,-5.66,9.07,10.86
7.032076120376587,-2.82,-4.23,3.82,6.35
7.042259931564331,-2.82,-2.06,-2.22,4.13
7.052306890487671,-1.19,-1.04,-6.91,7.08
7.06239914894104,-1.0,-0.1,-9.21,9.26
7.072460889816284,-2.37,1.19,-8.76,9.15
7.083165884017944,-3.35,0.88,-6.49,7.35
7.092590093612671,-4.92,0.4,-2.5,5.53
7.1298370361328125,-6.55,0.02,1.33,6.68
7.130105018615723,-7.77,-0.75,3.6,8.59
7.130364179611206,-8.34,-1.43,4.57,9.61
7.132570028305054,-8.12,-1.78,4.08,9.26
7.142662048339844,-7.14,-1.49,1.57,7.46
7.152719974517822,-5.87,-0.37,-2.13,6.25
7.1627891063690186,-5.33,0.89,-5.38,7.62
7.1729350090026855,-4.93,1.87,-7.14,8.87
7.183656930923462,-4.25,2.21,-7.69,9.05
7.193116903305054,-4.39,1.91,-7.05,8.52
7.229212045669556,-6.1,1.32,-4.3,7.57
7.2295238971710205,-8.36,0.38,-0.52,8.38
7.2298009395599365,-9.97,-0.9,2.71,10.37
7.233146905899048,-11.36,-1.74,5.47,12.72
7.243133068084717,-11.88,-2.01,7.44,14.16
7.2531421184539795,-11.35,-1.13,6.8,13.27
7.263240098953247,-10.64,0.0,3.93,11.34
7.273316144943237,-9.77,0.17,1.01,9.82
7.284154176712036,-8.08,0.83,-0.14,8.12
7.293509006500244,-6.13,2.74,0.45,6.72
7.328696966171265,-4.36,4.37,2.84,6.79
7.3289759159088135,-3.41,4.31,5.96,8.1
7.329251050949097,-2.97,3.19,8.05,9.15
7.333415985107422,-2.95,2.12,8.89,9.6
7.34365701675415,-2.51,1.16,8.94,9.35
7.353631973266602,-1.43,0.47,8.25,8.38
7.363713979721069,-0.36,0.26,7.11,7.12
7.373784065246582,0.02,0.3,5.54,5.54
7.384605169296265,-0.42,-0.02,3.06,3.08
7.3940019607543945,-1.16,-0.24,-0.15,1.19
7.429126024246216,-1.56,0.11,-2.87,3.26
7.429399013519287,-2.0,0.75,-4.52,4.99
7.429663896560669,-2.13,1.0,-5.58,6.05
7.43395209312439,-2.2,1.25,-5.63,6.17
7.444118976593018,-1.69,1.7,-4.51,5.1
7.454154014587402,-1.97,1.54,-2.83,3.77
7.464073896408081,-2.71,0.46,-0.88,2.88
7.4742560386657715,-2.97,-0.97,0.54,3.17
7.4850990772247314,-2.46,-1.67,1.03,3.14
7.494480848312378,-1.44,-1.49,2.09,2.94
7.528649091720581,0.35,-0.15,3.88,3.89
7.528900861740112,1.52,1.4,4.38,4.84
7.5291430950164795,2.31,0.02,1.72,2.88
7.534720182418823,-1.23,0.77,0.28,1.47
7.544520139694214,-5.62,2.07,1.46,6.16
7.554621934890747,-7.72,0.9,2.87,8.28
7.5646069049835205,-7.75,-0.49,3.94,8.7
7.57471489906311,-5.64,-1.66,3.98,7.09
7.585474967956543,-1.32,-2.86,3.18,4.47
7.594835042953491,2.61,-1.18,3.2,4.29
7.628838062286377,3.6,0.91,3.67,5.22
7.62910008430481,2.93,1.22,3.5,4.72
7.629377126693726,1.42,2.02,3.6,4.36
7.634881019592285,0.0,1.65,4.39,4.68
7.644924879074097,-1.2,-0.15,5.0,5.14
7.655021905899048,-2.86,-2.97,5.36,6.76
7.665064096450806,-5.3,-5.83,5.18,9.42
7.675142049789429,-6.98,-7.03,4.36,10.82
7.685963869094849,-6.06,-5.39,2.77,8.57
7.695317983627319,-3.83,-2.32,0.43,4.49
7.728386163711548,-1.43,0.13,-1.63,2.17
7.728647947311401,0.13,1.3,-3.0,3.27
7.728894948959351,0.78,1.77,-4.0,4.44
7.735270977020264,0.58,2.15,-4.03,4.6
7.745373010635376,-0.4,1.98,-3.86,4.35
7.755428075790405,-1.86,1.58,-3.68,4.41
7.765638113021851,-3.5,2.56,-1.99,4.77
7.775654077529907,-4.7,2.75,-0.14,5.44
7.786441087722778,-5.48,1.33,0.83,5.69
7.795822858810425,-4.38,0.22,0.9,4.47
7.83059287071228,-3.45,0.57,0.33,3.51
7.83083701133728,-2.98,1.53,-0.75,3.43
7.831074953079224,-2.01,2.16,-2.31,3.74
7.835821866989136,-1.6,2.27,-3.65,4.58
7.846484899520874,-2.09,1.22,-3.81,4.51
7.8560168743133545,-2.83,0.57,-3.4,4.46
7.865846872329712,-4.35,-0.33,-2.38,4.96
7.876042127609253,-4.49,-1.3,-1.45,4.89
7.886881113052368,-3.71,-1.8,-1.02,4.24
7.896237134933472,-3.21,-1.51,-1.03,3.69
